run_name,task,model,method,seed,lora_rank,lr,accuracy,exact_match,exec_acc,train_loss,jepa_loss,flops,wall_clock_sec,gpu_hours,train_wall_clock_sec,train_gpu_hours,peak_vram_gb,generation_wall_clock_sec,generation_gpu_hours,generation_peak_vram_gb,generation_num_examples,trainable_params,status,eval_status,resource_guard_reason
gsm8k_mav_qa_only_p25_l005_seed0_lr2em5_r16_full,gsm8k,Qwen/Qwen2.5-1.5B-Instruct,mav_qa_only_p25_l005,0,16,2e-05,0.47687642153146326,0.47384382107657314,null,0.3271772353683715,0.003667650913201406,30710286536908800,2363.2099113464355,0.656447197596232,2345.9047470092773,0.651640207502577,7.1654,3618.2105388641357,1.0050584830178155,2.9822,1319,18464768,success,success,null
gsm8k_mav_qr_normmse_p25_l005_seed0_lr2em5_r16_full,gsm8k,Qwen/Qwen2.5-1.5B-Instruct,mav_qr_normmse_p25_l005,0,16,2e-05,0.46019711902956784,0.46019711902956784,null,0.32293963240514145,7.106982511512473e-06,34511251013591040,2400.6368980407715,0.6668435827891032,2385.941335916519,0.6627614821990331,7.1661,3692.3383433818817,1.0256495398283005,2.9822,1319,18464768,success,success,null
gsm8k_mav_qr_stopgrad_p125_l005_seed0_lr2em5_r16_full,gsm8k,Qwen/Qwen2.5-1.5B-Instruct,mav_qr_stopgrad_p125_l005,0,16,2e-05,0.4829416224412434,0.4806671721000758,null,0.3241018610952227,0.0009031353975615914,31657027697418240,2049.8197391033173,0.5693943719731437,2033.6246893405914,0.5648957470390532,7.1661,3895.7425243854523,1.0821507012181812,2.9822,1319,18464768,success,success,null
gsm8k_mav_qr_stopgrad_p25_l005_seed0_lr2em5_r16_full,gsm8k,Qwen/Qwen2.5-1.5B-Instruct,mav_qr_stopgrad_p25_l005,0,16,2e-05,0.489764973464746,0.48597422289613346,null,0.32430609004395317,0.0012586331932610939,34524988468469760,2324.1401817798615,0.6455944949388503,2309.30357170105,0.6414732143614027,7.1661,4133.405549764633,1.1481682082679536,2.9822,1319,18464768,success,success,null
gsm8k_mav_qr_stopgrad_p25_l005_seed1_lr2em5_r16_full,gsm8k,Qwen/Qwen2.5-1.5B-Instruct,mav_qr_stopgrad_p25_l005,1,16,2e-05,0.45716451857467777,0.4541319181197877,null,0.32473878614045154,0.0012479966888446613,34711540481925120,2314.2063734531403,0.6428351037369834,2297.0794994831085,0.6380776387453079,7.1661,3686.184466123581,1.0239401294787724,2.9822,1319,18464768,success,success,null
gsm8k_mav_qr_stopgrad_p50_l005_seed0_lr2em5_r16_full,gsm8k,Qwen/Qwen2.5-1.5B-Instruct,mav_qr_stopgrad_p50_l005,0,16,2e-05,0.4829416224412434,0.4791508718726308,null,0.3247850349280875,0.0017314181166948274,40502205688012800,2576.780040502548,0.7157722334729301,2558.789439678192,0.7107748443550533,7.1661,3838.6116013526917,1.0662810003757477,2.9822,1319,18464768,success,success,null
gsm8k_mav_qra_safe_all_p25_l005_seed0_lr2em5_r16_full,gsm8k,Qwen/Qwen2.5-1.5B-Instruct,mav_qra_safe_all_p25_l005,0,16,2e-05,0.46474601971190294,0.46171341925701287,null,0.32382852811464524,0.0006494478290832916,30094537450905600,1903.696759223938,0.5288046553399828,1884.5347287654877,0.5234818691015244,7.1661,4092.4816329479218,1.136800453596645,2.9822,1319,18464768,success,success,null
gsm8k_mv_sft_lora_seed0_lr2em5_r16_full,gsm8k,Qwen/Qwen2.5-1.5B-Instruct,mv_sft_lora,0,16,2e-05,0.48673237300985595,0.4829416224412434,null,0.32297337705275186,0.0,28630786332672000,1570.981427192688,0.4363837297757467,1554.120231628418,0.4317000643412272,6.5055,3946.204024076462,1.0961677844656839,2.9822,1319,18464768,success,success,null
gsm8k_mv_sft_lora_seed1_lr2em5_r16_full,gsm8k,Qwen/Qwen2.5-1.5B-Instruct,mv_sft_lora,1,16,2e-05,0.47384382107657314,0.47081122062168307,null,0.32311579426041426,0.0,28630786332672000,1602.1049003601074,0.4450291389889187,1585.3449311256409,0.44037359197934467,6.5055,4190.239124298096,1.1639553123050266,2.9822,1319,18464768,success,success,null
